y;x;q;action
1;1;0.0025229678735248316;right
1;2;0.002600997807757558;right
1;3;0.002681441038925318;down
1;5;0.0028498682526573683;right
1;6;0.0029380085078941943;right
1;7;0.003028874750406386;down
1;8;0.0029380085078941943;left
1;9;0.0028498682526573683;left
1;11;0.002373860472199514;down
1;12;0.0023026446580335287;left
1;13;0.002233565318292523;left
1;14;0.0021665583587437472;left
1;15;0.0021015616079814348;left
1;16;0.0020385147597419915;left
1;17;0.001977359316949732;left
1;19;5.7795126254304074;right
1;20;5.958260438588049;right
1;21;6.142536534626855;right
1;22;6.332511891367892;right
1;23;6.528362774606074;right
1;24;6.7302709016557465;right
1;25;6.938423609954378;down
1;27;8.329720049289998;down
1;29;10.0;up
1;30;9.7;left
1;31;9.408999999999999;left
1;33;5.43794342926747;right
1;34;5.606127246667495;right
1;35;5.7795126254304074;right
1;36;5.958260438588049;right
1;37;6.142536534626855;down
1;38;5.958260438588049;left
1;39;5.7795126254304074;left
1;40;5.606127246667495;left
1;41;5.43794342926747;left
1;42;5.274805126389446;left
1;43;5.116560972597763;left
1;44;4.96306414341983;left
1;45;4.814172219117235;left
1;46;4.669747052543718;left
1;47;4.529654640967406;left
1;48;4.393765001738384;left
1;49;4.261952051686232;left
1;50;4.134093490135645;left
1;51;4.010070685431575;left
1;52;3.889768564868628;left
1;53;3.773075507922569;left
1;54;3.6598832426848915;left
1;55;3.5500867454043448;left
1;56;3.4435841430422145;left
1;57;3.340276618750948;left
1;58;3.2400683201884197;left
1;59;3.142866270582767;left
2;1;0.0024472788373190867;up
2;3;0.0027643722050776473;down
2;7;0.0031225512890787482;down
2;9;0.0027643722050776473;up
2;11;0.0024472788373190867;down
2;15;0.0020385147597419915;up
2;19;5.606127246667495;up
2;25;7.153014030880803;down
2;27;8.587340256999997;down
2;29;9.7;up
2;31;9.126729999999998;up
2;37;6.332511891367892;down
2;51;3.889768564868628;up
3;1;0.002373860472199514;up
3;3;0.0028498682526573683;right
3;4;0.0029380085078941943;right
3;5;0.003028874750406386;right
3;6;0.0031225512890787482;right
3;7;0.0032191250402873696;down
3;9;0.002681441038925318;up
3;10;0.002600997807757558;left
3;11;0.0025229678735248316;left
3;13;0.001290891895679512;down
3;15;0.001977359316949732;up
3;16;0.00191803853744124;left
3;17;0.0018604973813180026;left
3;19;5.43794342926747;up
3;21;3.5500867454043448;right
3;22;3.6598832426848915;right
3;23;3.773075507922569;down
3;25;7.374241268949281;down
3;27;8.852928099999998;right
3;28;9.126729999999998;right
3;29;9.408999999999999;up
3;31;8.852928099999998;up
3;32;8.587340256999997;left
3;33;8.329720049289998;left
3;35;6.938423609954378;down
3;36;6.7302709016557465;left
3;37;6.528362774606074;left
3;39;0.537138756671995;down
3;41;0.6448461094653225;right
3;42;0.6647898035724974;right
3;43;0.6853503129613375;right
3;44;0.7065467143931314;right
3;45;0.7283986746320943;down
3;47;1.1157447889774268;right
3;48;1.1502523597705432;right
3;49;1.1858271750211786;down
3;51;3.773075507922569;up
3;52;3.6598832426848915;left
3;53;3.5500867454043448;left
3;54;3.4435841430422145;left
3;55;3.340276618750948;left
3;56;3.2400683201884197;left
3;57;3.142866270582767;left
3;58;3.048580282465284;left
3;59;2.957122873991325;left
4;1;0.0023026446580335287;up
4;7;0.00331868560854368;down
4;13;0.0013308163872984662;down
4;17;0.0018046824598784625;up
4;19;5.274805126389446;up
4;23;3.889768564868628;down
4;25;7.60231058654565;down
4;27;8.587340256999997;up
4;33;8.079828447811298;up
4;35;7.153014030880803;down
4;39;0.5537512955381392;down
4;41;0.6255007261813628;up
4;45;0.7509264686928807;down
4;47;1.082272445308104;up
4;49;1.2225022422898748;down
4;59;2.868409187771585;up
5;1;0.002233565318292523;up
5;2;0.0021665583587437472;left
5;3;0.0021015616079814348;left
5;5;0.0013719756570087281;down
5;7;0.00342132536963266;right
5;8;0.0035271395563223297;right
5;9;0.003636226346724051;right
5;10;0.0037486869553856198;right
5;11;0.00386462572720167;down
5;13;0.0013719756570087281;right
5;14;0.0014144078938234312;right
5;15;0.0014581524678592074;down
5;17;0.0017505419860821085;up
5;19;5.116560972597763;up
5;20;4.96306414341983;left
5;21;4.814172219117235;left
5;23;4.010070685431575;down
5;25;7.837433594376959;right
5;26;8.079828447811298;right
5;27;8.329720049289998;up
5;29;5.43794342926747;down
5;30;5.274805126389446;left
5;31;5.116560972597763;left
5;33;7.837433594376959;up
5;34;7.60231058654565;left
5;35;7.374241268949281;left
5;37;0.537138756671995;right
5;38;0.5537512955381392;right
5;39;0.5708776242661229;right
5;40;0.5885336332640442;right
5;41;0.6067357043959218;up
5;43;0.8227771268492449;down
5;44;0.7980938130437675;left
5;45;0.7741509986524544;left
5;47;1.049804271948861;up
5;49;1.2603115899895616;down
5;51;1.1858271750211786;down
5;53;1.816423529087248;right
5;54;1.8726015763786061;right
5;55;1.9305170890501095;down
5;57;2.617919618631056;right
5;58;2.6988862047742845;right
5;59;2.7823569121384377;up
6;3;0.0020385147597419915;up
6;5;0.0014144078938234312;down
6;7;0.00331868560854368;up
6;11;0.003984150234228526;down
6;15;0.0015032499668651623;down
6;17;0.0016980257264996453;up
6;19;4.96306414341983;up
6;21;4.669747052543718;up
6;23;4.134093490135645;down
6;27;8.079828447811298;up
6;29;5.606127246667495;down
6;31;4.96306414341983;up
6;35;7.153014030880803;up
6;37;0.5210245939718351;up
6;43;0.8482238421126236;down
6;47;1.0183101437903952;up
6;49;1.299290298958311;down
6;51;1.2225022422898748;down
6;53;1.7619308232146305;up
6;55;1.9902238031444428;down
6;57;2.539382030072124;up
6;59;2.6988862047742845;up
7;1;0.0018604973813180026;right
7;2;0.00191803853744124;right
7;3;0.001977359316949732;up
7;5;0.0014581524678592074;down
7;7;0.0032191250402873696;up
7;8;0.0031225512890787482;left
7;9;0.003028874750406386;left
7;11;0.004107371375493326;right
7;12;0.0042344034798900265;right
7;13;0.004365364412257759;down
7;15;0.0015497422338816107;right
7;16;0.0015976724060635162;right
7;17;0.0016470849547046559;up
7;19;4.814172219117235;up
7;21;4.529654640967406;up
7;22;4.393765001738384;left
7;23;4.261952051686232;left
7;25;7.374241268949281;right
7;26;7.60231058654565;right
7;27;7.837433594376959;up
7;29;5.7795126254304074;down
7;31;4.814172219117235;up
7;33;6.528362774606074;right
7;34;6.7302709016557465;right
7;35;6.938423609954378;up
7;37;0.5053938561526801;up
7;38;0.49023204046809965;left
7;39;0.4755250792540566;left
7;41;0.3960990786602731;down
7;43;0.8744575691882718;right
7;44;0.9015026486477029;right
7;45;0.9293841738636113;right
7;46;0.9581280142923828;right
7;47;0.9877608394766834;up
7;49;1.3394745350085682;down
7;50;1.299290298958311;left
7;51;1.2603115899895616;left
7;53;1.7090728985181916;up
7;55;2.0517771166437555;down
7;57;2.4632005691699606;up
7;59;2.617919618631056;up
8;1;0.0018046824598784625;up
8;5;0.0015032499668651623;down
8;7;0.0031225512890787482;up
8;13;0.004500375682739958;down
8;25;7.153014030880803;up
8;29;5.958260438588049;down
8;31;4.669747052543718;up
8;39;0.4612593268764349;up
8;41;0.40834956562914754;down
8;49;1.38090158248306;down
8;53;1.6578007115626459;up
8;55;2.115234140869851;down
8;57;2.3893045520948615;up
8;59;2.539382030072124;up
9;1;0.0017505419860821085;up
9;2;0.0016980257264996453;left
9;3;0.0016470849547046559;left
9;4;0.0015976724060635162;left
9;5;0.0015497422338816107;left
9;7;0.003028874750406386;up
9;9;0.005240709635409476;down
9;10;0.005083488346347192;left
9;11;0.0049309836959567765;left
9;12;0.004783054185078073;left
9;13;0.00463956255952573;left
9;15;2.1806537534740733;right
9;16;2.248096653066055;right
9;17;2.3176254155320155;right
9;18;2.3893045520948615;right
9;19;2.4632005691699606;right
9;20;2.539382030072124;right
9;21;2.617919618631056;down
9;23;6.528362774606074;right
9;24;6.7302709016557465;right
9;25;6.938423609954378;up
9;26;6.7302709016557465;left
9;27;6.528362774606074;left
9;28;6.332511891367892;left
9;29;6.142536534626855;left
9;31;4.529654640967406;up
9;33;0.02554229498368757;down
9;34;0.02477602613417694;left
9;35;0.02403274535015163;left
9;36;0.023311762989647083;left
9;37;0.02261241009995767;left
9;39;0.4474215470701418;up
9;40;0.43399890065803753;left
9;41;0.4209789336382964;left
9;43;0.2748303199257615;right
9;44;0.2833302267275892;right
9;45;0.2920930172449373;down
9;46;0.2833302267275892;left
9;47;0.2748303199257615;left
9;49;1.4236098788485154;right
9;50;1.4676390503592942;right
9;51;1.5130299488240146;right
9;52;1.5598246895092935;right
9;53;1.6080666902157665;up
9;55;2.1806537534740733;right
9;56;2.248096653066055;right
9;57;2.3176254155320155;up
9;59;2.4632005691699606;up
10;7;0.0029380085078941943;up
10;9;0.005402793438566471;down
10;13;0.004500375682739958;up
10;15;2.115234140869851;up
10;21;2.6988862047742845;down
10;31;4.393765001738384;up
10;33;0.026332262869781;down
10;37;0.02193403779695894;up
10;41;0.40834956562914754;up
10;45;0.30112682190199724;down
10;47;0.26658541032798866;up
10;51;1.4676390503592942;up
11;1;0.0049309836959567765;right
11;2;0.005083488346347192;right
11;3;0.005240709635409476;right
11;4;0.005402793438566471;right
11;5;0.0055698901428520315;down
11;7;0.0028498682526573683;up
11;9;0.0055698901428520315;down
11;11;0.004107371375493326;right
11;12;0.0042344034798900265;right
11;13;0.004365364412257759;up
11;15;2.0517771166437555;up
11;16;1.9902238031444428;left
11;17;1.9305170890501095;left
11;19;2.617919618631056;right
11;20;2.6988862047742845;right
11;21;2.7823569121384377;right
11;22;2.868409187771585;right
11;23;2.957122873991325;right
11;24;3.048580282465284;right
11;25;3.142866270582767;down
11;27;3.340276618750948;down
11;29;4.010070685431575;right
11;30;4.134093490135645;right
11;31;4.261952051686232;up
11;33;0.027146662752351548;right
11;34;0.027986250260156234;right
11;35;0.028851804391913646;down
11;37;0.021276016663050172;up
11;38;0.020637736163158667;left
11;39;0.020018604078263908;left
11;41;0.3960990786602731;up
11;42;0.3842161063004649;left
11;43;0.37268962311145093;left
11;45;0.3104400225793786;down
11;47;0.258587848018149;up
11;48;0.2508302125776045;left
11;49;0.24330530620027638;left
11;51;1.4236098788485154;up
11;53;1.1858271750211786;down
11;54;1.1502523597705432;left
11;55;1.1157447889774268;left
11;56;1.082272445308104;left
11;57;1.049804271948861;left
11;58;1.0183101437903952;left
11;59;0.9877608394766834;left
12;5;0.005742154786445393;down
12;9;0.005742154786445393;down
12;11;0.003984150234228526;up
12;17;1.8726015763786061;up
12;25;3.2400683201884197;down
12;27;3.4435841430422145;down
12;29;3.889768564868628;up
12;35;0.029744128239086235;down
12;39;0.01941804595591599;up
12;43;0.3615089344181074;up
12;45;0.32004126039111197;down
12;47;0.2508302125776045;up
12;51;1.38090158248306;up
12;53;1.2225022422898748;down
12;59;0.9581280142923828;up
13;1;0.005240709635409476;right
13;2;0.005402793438566471;right
13;3;0.0055698901428520315;down
13;5;0.005919747202521025;down
13;7;0.006291579554172627;down
13;8;0.006102832167547448;left
13;9;0.005919747202521025;left
13;11;0.00386462572720167;up
13;13;0.0032191250402873696;down
13;14;0.0031225512890787482;left
13;15;0.003028874750406386;left
13;17;1.816423529087248;up
13;18;1.7619308232146305;left
13;19;1.7090728985181916;left
13;20;1.6578007115626459;left
13;21;1.6080666902157665;left
13;22;1.5598246895092935;left
13;23;1.5130299488240146;left
13;25;3.340276618750948;right
13;26;3.4435841430422145;right
13;27;3.5500867454043448;right
13;28;3.6598832426848915;right
13;29;3.773075507922569;up
13;31;0.03463718374829763;down
13;32;0.033598068235848697;left
13;33;0.03259012618877324;left
13;34;0.03161242240311004;left
13;35;0.03066404973101674;left
13;37;0.017722326256723715;right
13;38;0.018270439439921356;right
13;39;0.01883550457723851;up
13;41;0.3299394437021773;right
13;42;0.34014375639399724;right
13;43;0.3506636663855642;up
13;44;0.34014375639399724;left
13;45;0.3299394437021773;left
13;47;0.24330530620027638;up
13;48;0.2360061470142681;left
13;49;0.22892596260384004;left
13;51;1.3394745350085682;up
13;52;1.299290298958311;left
13;53;1.2603115899895616;left
13;55;0.8227771268492449;right
13;56;0.8482238421126236;right
13;57;0.8744575691882718;right
13;58;0.9015026486477029;right
13;59;0.9293841738636113;up
14;1;0.005083488346347192;up
14;3;0.005742154786445393;down
14;5;0.006102832167547448;down
14;7;0.00648616448883776;down
14;11;0.0037486869553856198;up
14;13;0.00331868560854368;down
14;15;0.0029380085078941943;up
14;23;1.4676390503592942;up
14;31;0.03570843685391508;down
14;49;0.22205818372572483;up
14;55;0.7980938130437675;up
15;1;0.0049309836959567765;up
15;3;0.005919747202521025;right
15;4;0.006102832167547448;right
15;5;0.006291579554172627;right
15;6;0.00648616448883776;right
15;7;0.006686767514265732;right
15;8;0.006893574756974981;right
15;9;0.007106778099974208;down
15;11;0.003636226346724051;up
15;12;0.0035271395563223297;left
15;13;0.00342132536963266;left
15;15;0.0028498682526573683;up
15;16;0.0027643722050776473;left
15;17;0.002681441038925318;left
15;18;0.002600997807757558;left
15;19;0.0025229678735248316;left
15;20;0.0024472788373190867;left
15;21;0.002373860472199514;left
15;23;1.4236098788485154;up
15;24;1.38090158248306;left
15;25;1.3394745350085682;left
15;27;0.04158265048925624;down
15;28;0.04033517097457855;left
15;29;0.039125115845341195;left
15;30;0.03795136236998096;left
15;31;0.03681282149888153;left
15;33;0.04419454829339594;right
15;34;0.04556138999319169;right
15;35;0.0469705051476203;down
15;37;0.21539643821395307;right
15;38;0.22205818372572483;right
15;39;0.22892596260384004;right
15;40;0.2360061470142681;right
15;41;0.24330530620027638;right
15;42;0.2508302125776045;right
15;43;0.258587848018149;down
15;45;0.19068891805042185;right
15;46;0.19658651345404315;right
15;47;0.20266650871550843;right
15;48;0.20893454506753448;right
15;49;0.21539643821395307;up
15;51;0.4209789336382964;right
15;52;0.43399890065803753;right
15;53;0.4474215470701418;down
15;55;0.7741509986524544;up
15;56;0.7509264686928807;left
15;57;0.7283986746320943;left
15;58;0.7065467143931314;left
15;59;0.6853503129613375;left
16;1;0.004783054185078073;up
16;9;0.007326575360798153;down
16;25;1.299290298958311;up
16;27;0.04286871184459406;down
16;35;0.04842320118311371;down
16;37;0.20893454506753448;up
16;43;0.26658541032798866;down
16;51;0.40834956562914754;up
16;53;0.4612593268764349;down
16;59;0.6647898035724974;up
17;1;0.00463956255952573;up
17;2;0.004500375682739958;left
17;3;0.004365364412257759;left
17;5;0.0075531704750496425;down
17;6;0.007326575360798153;left
17;7;0.007106778099974208;left
17;9;0.0075531704750496425;right
17;10;0.007786773685618188;right
17;11;0.00802760173775071;down
17;12;0.007786773685618188;left
17;13;0.0075531704750496425;left
17;15;0.8227771268492449;right
17;16;0.8482238421126236;right
17;17;0.8744575691882718;right
17;18;0.9015026486477029;right
17;19;0.9293841738636113;right
17;20;0.9581280142923828;right
17;21;0.9877608394766834;down
17;23;1.049804271948861;down
17;25;1.2603115899895616;up
17;27;0.04419454829339594;right
17;28;0.04556138999319169;right
17;29;0.0469705051476203;right
17;30;0.04842320118311371;right
17;31;0.0499208259619729;right
17;32;0.05146476903296175;right
17;33;0.053056462920579125;down
17;35;0.0499208259619729;down
17;37;0.20266650871550843;up
17;38;0.19658651345404315;left
17;39;0.19068891805042185;left
17;40;0.1849682505089092;left
17;41;0.17941920299364192;left
17;43;0.2748303199257615;right
17;44;0.2833302267275892;right
17;45;0.2920930172449373;right
17;46;0.30112682190199724;right
17;47;0.3104400225793786;right
17;48;0.32004126039111197;right
17;49;0.3299394437021773;down
17;51;0.3960990786602731;up
17;53;0.4755250792540566;right
17;54;0.49023204046809965;right
17;55;0.5053938561526801;down
17;57;0.6067357043959218;right
17;58;0.6255007261813628;right
17;59;0.6448461094653225;up
18;3;0.0042344034798900265;up
18;5;0.007786773685618188;down
18;7;0.006893574756974981;up
18;11;0.00827587808015537;down
18;15;0.7980938130437675;up
18;21;1.0183101437903952;down
18;23;1.082272445308104;down
18;25;1.2225022422898748;up
18;27;0.04286871184459406;up
18;33;0.054697384454205286;down
18;35;0.05146476903296175;down
18;39;0.1849682505089092;up
18;49;0.34014375639399724;down
18;51;0.3842161063004649;up
18;55;0.5210245939718351;down
18;57;0.5885336332640442;up
18;59;0.6255007261813628;up
19;1;0.002681441038925318;down
19;3;0.004107371375493326;up
19;5;0.00802760173775071;down
19;7;0.006686767514265732;up
19;8;0.00648616448883776;left
19;9;0.006291579554172627;left
19;11;0.008531833072325124;right
19;12;0.008795704198273325;right
19;13;0.009067736286879716;down
19;15;0.7741509986524544;up
19;16;0.7509264686928807;left
19;17;0.7283986746320943;left
19;19;0.9877608394766834;right
19;20;1.0183101437903952;right
19;21;1.049804271948861;right
19;22;1.082272445308104;right
19;23;1.1157447889774268;right
19;24;1.1502523597705432;right
19;25;1.1858271750211786;up
19;27;0.04158265048925624;up
19;29;0.07194836863283006;down
19;30;0.06978991757384516;left
19;31;0.0676962200466298;left
19;33;0.056389056138355965;down
19;34;0.054697384454205286;left
19;35;0.053056462920579125;left
19;37;0.16881552809671765;right
19;38;0.17403662690383265;right
19;39;0.17941920299364192;up
19;40;0.17403662690383265;left
19;41;0.16881552809671765;left
19;42;0.1637510622538161;left
19;43;0.15883853038620163;left
19;45;0.13230804911577024;down
19;46;0.12833880764229713;left
19;47;0.12448864341302822;left
19;49;0.3506636663855642;right
19;50;0.3615089344181074;right
19;51;0.37268962311145093;up
19;52;0.3615089344181074;left
19;53;0.3506636663855642;left
19;55;0.537138756671995;right
19;56;0.5537512955381392;right
19;57;0.5708776242661229;up
19;59;0.6067357043959218;up
20;1;0.0027643722050776473;down
20;3;0.003984150234228526;up
20;5;0.00827587808015537;down
20;9;0.006102832167547448;up
20;13;0.009348181739051253;down
20;17;0.7065467143931314;up
20;21;1.0183101437903952;up
20;29;0.07417357591013408;down
20;31;0.0656653334452309;up
20;33;0.05813304756531543;down
20;43;0.15407337447461558;up
20;45;0.13640005063481467;down
20;47;0.12075398411063737;up
20;59;0.5885336332640442;up
21;1;0.0028498682526573683;down
21;3;0.00386462572720167;up
21;5;0.008531833072325124;down
21;7;0.0055698901428520315;right
21;8;0.005742154786445393;right
21;9;0.005919747202521025;up
21;11;0.009067736286879716;down
21;13;0.009637300761908508;right
21;14;0.009935361610214957;right
21;15;0.010242640835273152;down
21;17;0.6853503129613375;up
21;18;0.6647898035724974;left
21;19;0.6448461094653225;left
21;21;0.9877608394766834;up
21;22;0.9581280142923828;left
21;23;0.9293841738636113;left
21;24;0.9015026486477029;left
21;25;0.8744575691882718;left
21;27;0.08127070255188232;down
21;28;0.07883258147532585;left
21;29;0.07646760403106607;left
21;31;0.06369537344187397;up
21;32;0.06178451223861774;left
21;33;0.05993097687145921;left
21;35;0.09180092917718638;right
21;36;0.0946401331723571;right
21;37;0.09756714760036815;right
21;38;0.10058468824780221;right
21;39;0.10369555489464147;down
21;41;0.1406186089018708;right
21;42;0.1449676380431658;right
21;43;0.1494511732403771;up
21;44;0.1449676380431658;left
21;45;0.1406186089018708;left
21;47;0.11713136458731825;up
21;48;0.1136174236496987;left
21;49;0.11020890094020774;left
21;50;0.10690263391200151;left
21;51;0.10369555489464147;left
21;52;0.10058468824780221;left
21;53;0.09756714760036815;left
21;54;0.0946401331723571;left
21;55;0.09180092917718638;left
21;57;0.4209789336382964;down
21;59;0.5708776242661229;up
22;1;0.0029380085078941943;down
22;3;0.0037486869553856198;up
22;5;0.008795704198273325;down
22;11;0.009348181739051253;down
22;15;0.010559423541518714;down
22;19;0.6255007261813628;up
22;25;0.8482238421126236;up
22;27;0.08378422943493023;down
22;37;0.0946401331723571;up
22;39;0.10690263391200151;down
22;45;0.13640005063481467;up
22;47;0.1136174236496987;up
22;55;0.08904690130187079;up
22;57;0.43399890065803753;down
22;59;0.5537512955381392;up
23;1;0.003028874750406386;down
23;3;0.003636226346724051;up
23;5;0.009067736286879716;right
23;6;0.009348181739051253;right
23;7;0.009637300761908508;down
23;9;0.010242640835273152;down
23;10;0.009935361610214957;left
23;11;0.009637300761908508;left
23;13;0.01156977750138189;down
23;14;0.011222684176340434;left
23;15;0.01088600365105022;left
23;17;0.00802760173775071;down
23;19;0.6067357043959218;up
23;21;0.7283986746320943;right
23;22;0.7509264686928807;right
23;23;0.7741509986524544;right
23;24;0.7980938130437675;right
23;25;0.8227771268492449;up
23;27;0.08637549426281467;down
23;29;0.10369555489464147;right
23;30;0.10690263391200151;right
23;31;0.11020890094020774;down
23;33;0.10369555489464147;right
23;34;0.10690263391200151;right
23;35;0.11020890094020774;down
23;37;0.09180092917718638;up
23;39;0.11020890094020774;right
23;40;0.1136174236496987;right
23;41;0.11713136458731825;right
23;42;0.12075398411063737;right
23;43;0.12448864341302822;right
23;44;0.12833880764229713;right
23;45;0.13230804911577024;up
23;47;0.11020890094020774;up
23;49;0.06369537344187397;right
23;50;0.0656653334452309;right
23;51;0.0676962200466298;right
23;52;0.06978991757384516;right
23;53;0.07194836863283006;down
23;55;0.08637549426281467;up
23;57;0.4474215470701418;down
23;59;0.537138756671995;up
24;1;0.0031225512890787482;down
24;3;0.0035271395563223297;up
24;7;0.009935361610214957;down
24;9;0.010559423541518714;down
24;13;0.011927605671527723;down
24;17;0.00827587808015537;down
24;19;0.5885336332640442;up
24;27;0.08904690130187079;down
24;29;0.10058468824780221;up
24;31;0.1136174236496987;down
24;35;0.1136174236496987;down
24;37;0.08904690130187079;up
24;49;0.06178451223861774;up
24;53;0.07417357591013408;down
24;55;0.08378422943493023;up
24;57;0.4612593268764349;down
24;59;0.5210245939718351;up
25;1;0.0032191250402873696;right
25;2;0.00331868560854368;right
25;3;0.00342132536963266;up
25;5;0.009637300761908508;down
25;7;0.010242640835273152;right
25;8;0.010559423541518714;right
25;9;0.01088600365105022;right
25;10;0.011222684176340434;right
25;11;0.01156977750138189;right
25;12;0.011927605671527723;right
25;13;0.012296500692296623;down
25;14;0.011927605671527723;left
25;15;0.01156977750138189;left
25;17;0.008531833072325124;down
25;19;0.5708776242661229;up
25;20;0.5537512955381392;left
25;21;0.537138756671995;left
25;22;0.5210245939718351;left
25;23;0.5053938561526801;left
25;24;0.49023204046809965;left
25;25;0.4755250792540566;left
25;27;0.09180092917718638;right
25;28;0.0946401331723571;right
25;29;0.09756714760036815;up
25;31;0.11713136458731825;right
25;32;0.12075398411063737;right
25;33;0.12448864341302822;down
25;34;0.12075398411063737;left
25;35;0.11713136458731825;left
25;37;0.08637549426281467;up
25;38;0.08378422943493023;left
25;39;0.08127070255188232;left
25;40;0.07883258147532585;left
25;41;0.07646760403106607;left
25;43;0.021276016663050172;right
25;44;0.02193403779695894;right
25;45;0.02261241009995767;down
25;47;0.056389056138355965;right
25;48;0.05813304756531543;right
25;49;0.05993097687145921;up
25;51;0.07194836863283006;right
25;52;0.07417357591013408;right
25;53;0.07646760403106607;right
25;54;0.07883258147532585;right
25;55;0.08127070255188232;up
25;57;0.4755250792540566;right
25;58;0.49023204046809965;right
25;59;0.5053938561526801;up
26;5;0.009935361610214957;down
26;13;0.0126768048374192;down
26;15;0.011222684176340434;up
26;17;0.008795704198273325;down
26;25;0.4612593268764349;up
26;33;0.12833880764229713;down
26;35;0.1136174236496987;up
26;43;0.020637736163158667;up
26;45;0.023311762989647083;down
26;47;0.054697384454205286;up
26;57;0.4612593268764349;up
27;1;0.027146662752351548;down
27;2;0.026332262869781;left
27;3;0.02554229498368757;left
27;5;0.010242640835273152;right
27;6;0.010559423541518714;right
27;7;0.01088600365105022;right
27;8;0.011222684176340434;right
27;9;0.01156977750138189;right
27;10;0.011927605671527723;right
27;11;0.012296500692296623;right
27;12;0.0126768048374192;right
27;13;0.013068870966411546;down
27;15;0.01088600365105022;up
27;17;0.009067736286879716;down
27;19;0.37268962311145093;right
27;20;0.3842161063004649;right
27;21;0.3960990786602731;right
27;22;0.40834956562914754;right
27;23;0.4209789336382964;right
27;24;0.43399890065803753;right
27;25;0.4474215470701418;up
27;27;0.17941920299364192;down
27;28;0.17403662690383265;left
27;29;0.16881552809671765;left
27;31;0.1406186089018708;down
27;32;0.13640005063481467;left
27;33;0.13230804911577024;left
27;35;0.11020890094020774;up
27;36;0.10690263391200151;left
27;37;0.10369555489464147;left
27;39;0.017722326256723715;right
27;40;0.018270439439921356;right
27;41;0.01883550457723851;right
27;42;0.01941804595591599;right
27;43;0.020018604078263908;up
27;45;0.02403274535015163;down
27;47;0.053056462920579125;up
27;49;0.04419454829339594;down
27;51;0.3299394437021773;down
27;52;0.32004126039111197;left
27;53;0.3104400225793786;left
27;54;0.30112682190199724;left
27;55;0.2920930172449373;left
27;57;0.4474215470701418;up
27;59;0.020018604078263908;down
28;1;0.027986250260156234;down
28;3;0.02477602613417694;up
28;5;0.009935361610214957;up
28;9;0.011222684176340434;up
28;13;0.013473062851970667;down
28;15;0.010559423541518714;up
28;17;0.009348181739051253;down
28;19;0.3615089344181074;up
28;23;0.40834956562914754;up
28;27;0.1849682505089092;down
28;29;0.1637510622538161;up
28;31;0.1449676380431658;down
28;37;0.10058468824780221;up
28;39;0.017190656469022004;up
28;45;0.02477602613417694;down
28;47;0.05146476903296175;up
28;49;0.04556138999319169;down
28;51;0.34014375639399724;down
28;57;0.43399890065803753;up
28;59;0.020637736163158667;down
29;1;0.028851804391913646;down
29;3;0.02403274535015163;up
29;5;0.009637300761908508;up
29;6;0.009348181739051253;left
29;7;0.009067736286879716;left
29;9;0.01088600365105022;up
29;10;0.010559423541518714;left
29;11;0.010242640835273152;left
29;13;0.013889755517495533;down
29;15;0.010242640835273152;up
29;16;0.009935361610214957;left
29;17;0.009637300761908508;left
29;19;0.3506636663855642;up
29;20;0.34014375639399724;left
29;21;0.3299394437021773;left
29;23;0.3960990786602731;up
29;24;0.3842161063004649;left
29;25;0.37268962311145093;left
29;27;0.19068891805042185;down
29;29;0.15883853038620163;up
29;30;0.15407337447461558;left
29;31;0.1494511732403771;left
29;33;0.08637549426281467;right
29;34;0.08904690130187079;right
29;35;0.09180092917718638;right
29;36;0.0946401331723571;right
29;37;0.09756714760036815;up
29;39;0.016674936774951344;up
29;41;0.028851804391913646;down
29;42;0.027986250260156234;left
29;43;0.027146662752351548;left
29;44;0.026332262869781;left
29;45;0.02554229498368757;left
29;47;0.0499208259619729;up
29;48;0.04842320118311371;left
29;49;0.0469705051476203;left
29;51;0.3506636663855642;right
29;52;0.3615089344181074;right
29;53;0.37268962311145093;right
29;54;0.3842161063004649;right
29;55;0.3960990786602731;right
29;56;0.40834956562914754;right
29;57;0.4209789336382964;up
29;59;0.021276016663050172;down
30;1;0.029744128239086235;down
30;3;0.023311762989647083;up
30;7;0.008795704198273325;up
30;13;0.01431933558504694;down
30;25;0.3615089344181074;up
30;27;0.19658651345404315;down
30;33;0.08378422943493023;up
30;39;0.016174688671702804;up
30;41;0.029744128239086235;down
30;49;0.04556138999319169;up
30;59;0.02193403779695894;down
31;1;0.03066404973101674;down
31;3;0.02261241009995767;up
31;4;0.02193403779695894;left
31;5;0.021276016663050172;left
31;7;0.008531833072325124;up
31;9;0.016674936774951344;down
31;10;0.016174688671702804;left
31;11;0.01568944801155172;left
31;12;0.015218764571205167;left
31;13;0.014762201634069012;left
31;15;0.20266650871550843;down
31;17;0.24330530620027638;right
31;18;0.2508302125776045;right
31;19;0.258587848018149;right
31;20;0.26658541032798866;right
31;21;0.2748303199257615;down
31;23;0.3299394437021773;right
31;24;0.34014375639399724;right
31;25;0.3506636663855642;up
31;27;0.20266650871550843;right
31;28;0.20893454506753448;right
31;29;0.21539643821395307;down
31;31;0.07646760403106607;right
31;32;0.07883258147532585;right
31;33;0.08127070255188232;up
31;35;0.012296500692296623;right
31;36;0.0126768048374192;right
31;37;0.013068870966411546;down
31;39;0.01568944801155172;up
31;41;0.03066404973101674;right
31;42;0.03161242240311004;right
31;43;0.03259012618877324;right
31;44;0.033598068235848697;right
31;45;0.03463718374829763;right
31;46;0.03570843685391508;right
31;47;0.03681282149888153;down
31;49;0.04419454829339594;up
31;51;0.03259012618877324;down
31;52;0.03161242240311004;left
31;53;0.03066404973101674;left
31;54;0.029744128239086235;left
31;55;0.028851804391913646;left
31;56;0.027986250260156234;left
31;57;0.027146662752351548;left
31;59;0.02261241009995767;down
32;1;0.03161242240311004;down
32;5;0.020637736163158667;up
32;9;0.017190656469022004;down
32;15;0.20893454506753448;down
32;17;0.2360061470142681;up
32;21;0.2833302267275892;down
32;23;0.32004126039111197;up
32;29;0.22205818372572483;down
32;31;0.07417357591013408;up
32;35;0.011927605671527723;up
32;37;0.013473062851970667;down
32;39;0.015218764571205167;up
32;41;0.029744128239086235;up
32;47;0.03795136236998096;down
32;49;0.04286871184459406;up
32;51;0.033598068235848697;down
32;55;0.027986250260156234;up
32;59;0.023311762989647083;down
33;1;0.03259012618877324;down
33;3;0.03463718374829763;down
33;5;0.020018604078263908;up
33;6;0.01941804595591599;left
33;7;0.01883550457723851;left
33;8;0.018270439439921356;left
33;9;0.017722326256723715;left
33;11;0.07194836863283006;right
33;12;0.07417357591013408;right
33;13;0.07646760403106607;down
33;15;0.21539643821395307;right
33;16;0.22205818372572483;right
33;17;0.22892596260384004;up
33;19;0.08127070255188232;down
33;21;0.2920930172449373;right
33;22;0.30112682190199724;right
33;23;0.3104400225793786;up
33;25;0.258587848018149;down
33;26;0.2508302125776045;left
33;27;0.24330530620027638;left
33;28;0.2360061470142681;left
33;29;0.22892596260384004;left
33;31;0.07194836863283006;up
33;32;0.06978991757384516;left
33;33;0.0676962200466298;left
33;35;0.01156977750138189;up
33;37;0.013889755517495533;right
33;38;0.01431933558504694;right
33;39;0.014762201634069012;up
33;41;0.028851804391913646;up
33;42;0.027986250260156234;left
33;43;0.027146662752351548;left
33;45;0.03681282149888153;right
33;46;0.03795136236998096;right
33;47;0.039125115845341195;right
33;48;0.04033517097457855;right
33;49;0.04158265048925624;up
33;51;0.03463718374829763;down
33;52;0.033598068235848697;left
33;53;0.03259012618877324;left
33;55;0.027146662752351548;up
33;56;0.026332262869781;left
33;57;0.02554229498368757;left
33;58;0.02477602613417694;left
33;59;0.02403274535015163;left
34;1;0.033598068235848697;down
34;3;0.03570843685391508;down
34;11;0.06978991757384516;up
34;13;0.07883258147532585;down
34;17;0.22205818372572483;up
34;19;0.08378422943493023;down
34;23;0.30112682190199724;up
34;25;0.26658541032798866;down
34;33;0.0656653334452309;up
34;35;0.011222684176340434;up
34;43;0.026332262869781;up
34;45;0.03570843685391508;up
34;49;0.04033517097457855;up
34;51;0.03570843685391508;down
34;53;0.03161242240311004;up
34;57;0.02477602613417694;up
35;1;0.03463718374829763;right
35;2;0.03570843685391508;right
35;3;0.03681282149888153;down
35;5;0.039125115845341195;right
35;6;0.04033517097457855;right
35;7;0.04158265048925624;down
35;9;0.06369537344187397;right
35;10;0.0656653334452309;right
35;11;0.0676962200466298;up
35;13;0.08127070255188232;down
35;15;0.20266650871550843;right
35;16;0.20893454506753448;right
35;17;0.21539643821395307;up
35;19;0.08637549426281467;right
35;20;0.08904690130187079;right
35;21;0.09180092917718638;down
35;23;0.2920930172449373;up
35;24;0.2833302267275892;left
35;25;0.2748303199257615;left
35;26;0.26658541032798866;left
35;27;0.258587848018149;left
35;28;0.2508302125776045;left
35;29;0.24330530620027638;left
35;30;0.2360061470142681;left
35;31;0.22892596260384004;left
35;33;0.06369537344187397;up
35;35;0.01088600365105022;up
35;37;0.016674936774951344;down
35;39;0.01568944801155172;down
35;40;0.015218764571205167;left
35;41;0.014762201634069012;left
35;43;0.02554229498368757;up
35;45;0.03463718374829763;up
35;47;0.03681282149888153;right
35;48;0.03795136236998096;right
35;49;0.039125115845341195;up
35;50;0.03795136236998096;left
35;51;0.03681282149888153;left
35;53;0.03066404973101674;up
35;54;0.029744128239086235;left
35;55;0.028851804391913646;left
35;57;0.02403274535015163;up
35;58;0.023311762989647083;left
35;59;0.02261241009995767;left
36;1;0.033598068235848697;up
36;3;0.03795136236998096;down
36;5;0.03795136236998096;up
36;7;0.04286871184459406;down
36;9;0.06178451223861774;up
36;13;0.08378422943493023;down
36;15;0.19658651345404315;up
36;21;0.0946401331723571;down
36;31;0.22205818372572483;up
36;33;0.06178451223861774;up
36;35;0.010559423541518714;up
36;37;0.017190656469022004;down
36;39;0.016174688671702804;down
36;43;0.02477602613417694;up
36;45;0.033598068235848697;up
36;55;0.027986250260156234;up
37;1;0.03259012618877324;up
37;3;0.039125115845341195;down
37;5;0.03681282149888153;up
37;7;0.04419454829339594;down
37;9;0.05993097687145921;up
37;11;0.08127070255188232;down
37;13;0.08637549426281467;down
37;15;0.19068891805042185;up
37;17;0.11020890094020774;down
37;18;0.10690263391200151;left
37;19;0.10369555489464147;left
37;20;0.10058468824780221;left
37;21;0.09756714760036815;left
37;23;0.1494511732403771;right
37;24;0.15407337447461558;right
37;25;0.15883853038620163;right
37;26;0.1637510622538161;right
37;27;0.16881552809671765;down
37;29;0.20266650871550843;right
37;30;0.20893454506753448;right
37;31;0.21539643821395307;up
37;33;0.05993097687145921;up
37;35;0.010242640835273152;up
37;37;0.017722326256723715;down
37;38;0.017190656469022004;left
37;39;0.016674936774951344;left
37;41;0.02261241009995767;right
37;42;0.023311762989647083;right
37;43;0.02403274535015163;up
37;45;0.03259012618877324;up
37;46;0.03161242240311004;left
37;47;0.03066404973101674;left
37;48;0.029744128239086235;left
37;49;0.028851804391913646;left
37;51;0.021276016663050172;right
37;52;0.02193403779695894;right
37;53;0.02261241009995767;down
37;55;0.027146662752351548;up
37;57;0.006686767514265732;right
37;58;0.006893574756974981;right
37;59;0.007106778099974208;down
38;1;0.03161242240311004;up
38;3;0.04033517097457855;down
38;7;0.04556138999319169;down
38;9;0.05813304756531543;up
38;11;0.08378422943493023;down
38;13;0.08904690130187079;down
38;17;0.1136174236496987;down
38;23;0.1449676380431658;up
38;27;0.17403662690383265;down
38;29;0.19658651345404315;up
38;31;0.20893454506753448;up
38;35;0.009935361610214957;up
38;37;0.018270439439921356;down
38;41;0.02193403779695894;up
38;49;0.027986250260156234;up
38;53;0.023311762989647083;down
38;55;0.026332262869781;up
38;57;0.00648616448883776;up
38;59;0.007326575360798153;down
39;1;0.03066404973101674;up
39;3;0.04158265048925624;right
39;4;0.04286871184459406;right
39;5;0.04419454829339594;right
39;6;0.04556138999319169;right
39;7;0.0469705051476203;down
39;9;0.056389056138355965;up
39;11;0.08637549426281467;right
39;12;0.08904690130187079;right
39;13;0.09180092917718638;right
39;14;0.0946401331723571;right
39;15;0.09756714760036815;down
39;17;0.11713136458731825;right
39;18;0.12075398411063737;right
39;19;0.12448864341302822;right
39;20;0.12833880764229713;right
39;21;0.13230804911577024;right
39;22;0.13640005063481467;right
39;23;0.1406186089018708;up
39;25;0.16881552809671765;right
39;26;0.17403662690383265;right
39;27;0.17941920299364192;right
39;28;0.1849682505089092;right
39;29;0.19068891805042185;up
39;31;0.20266650871550843;up
39;33;0.009067736286879716;right
39;34;0.009348181739051253;right
39;35;0.009637300761908508;up
39;37;0.01883550457723851;right
39;38;0.01941804595591599;right
39;39;0.020018604078263908;right
39;40;0.020637736163158667;right
39;41;0.021276016663050172;up
39;43;0.020018604078263908;right
39;44;0.020637736163158667;right
39;45;0.021276016663050172;right
39;46;0.02193403779695894;right
39;47;0.02261241009995767;down
39;49;0.027146662752351548;up
39;50;0.026332262869781;left
39;51;0.02554229498368757;left
39;53;0.02403274535015163;right
39;54;0.02477602613417694;right
39;55;0.02554229498368757;up
39;57;0.006291579554172627;up
39;59;0.0075531704750496425;down
40;1;0.029744128239086235;up
40;7;0.04842320118311371;down
40;9;0.054697384454205286;up
40;15;0.10058468824780221;down
40;25;0.1637510622538161;up
40;31;0.19658651345404315;up
40;33;0.008795704198273325;up
40;43;0.01941804595591599;up
40;47;0.023311762989647083;down
40;49;0.026332262869781;up
40;51;0.02477602613417694;up
40;57;0.006102832167547448;up
40;59;0.007786773685618188;down
41;1;0.028851804391913646;up
41;2;0.027986250260156234;left
41;3;0.027146662752351548;left
41;4;0.026332262869781;left
41;5;0.02554229498368757;left
41;7;0.0499208259619729;right
41;8;0.05146476903296175;right
41;9;0.053056462920579125;up
41;11;0.0049309836959567765;down
41;12;0.004783054185078073;left
41;13;0.00463956255952573;left
41;15;0.10369555489464147;right
41;16;0.10690263391200151;right
41;17;0.11020890094020774;down
41;19;0.13230804911577024;right
41;20;0.13640005063481467;right
41;21;0.1406186089018708;right
41;22;0.1449676380431658;right
41;23;0.1494511732403771;right
41;24;0.15407337447461558;right
41;25;0.15883853038620163;up
41;27;0.001290891895679512;right
41;28;0.0013308163872984662;right
41;29;0.0013719756570087281;down
41;31;0.19068891805042185;up
41;33;0.008531833072325124;up
41;34;0.00827587808015537;left
41;35;0.00802760173775071;left
41;36;0.007786773685618188;left
41;37;0.0075531704750496425;left
41;39;0.014762201634069012;right
41;40;0.015218764571205167;right
41;41;0.01568944801155172;down
41;43;0.01883550457723851;up
41;45;0.01088600365105022;down
41;47;0.02403274535015163;right
41;48;0.02477602613417694;right
41;49;0.02554229498368757;up
41;51;0.02403274535015163;up
41;52;0.023311762989647083;left
41;53;0.02261241009995767;left
41;54;0.02193403779695894;left
41;55;0.021276016663050172;left
41;57;0.005919747202521025;up
41;59;0.00802760173775071;down
42;5;0.02477602613417694;up
42;9;0.05146476903296175;up
42;11;0.005083488346347192;down
42;17;0.1136174236496987;down
42;19;0.12833880764229713;up
42;27;0.0012521651388091267;up
42;29;0.0014144078938234312;down
42;37;0.007326575360798153;up
42;39;0.01431933558504694;up
42;41;0.016174688671702804;down
42;43;0.018270439439921356;up
42;45;0.011222684176340434;down
42;49;0.02477602613417694;up
42;55;0.020637736163158667;up
42;57;0.005742154786445393;up
42;59;0.00827587808015537;down
43;1;0.014762201634069012;down
43;2;0.01431933558504694;left
43;3;0.013889755517495533;left
43;5;0.02403274535015163;up
43;6;0.023311762989647083;left
43;7;0.02261241009995767;left
43;9;0.0499208259619729;up
43;11;0.005240709635409476;right
43;12;0.005402793438566471;right
43;13;0.0055698901428520315;right
43;14;0.005742154786445393;right
43;15;0.005919747202521025;down
43;17;0.11713136458731825;right
43;18;0.12075398411063737;right
43;19;0.12448864341302822;up
43;21;0.000895675480688149;right
43;22;0.0009233767842145866;right
43;23;0.0009519348290872026;down
43;25;0.001142817313732342;right
43;26;0.0011781621791055073;right
43;27;0.001214600184644853;up
43;29;0.0014581524678592074;right
43;30;0.0015032499668651623;right
43;31;0.0015497422338816107;right
43;32;0.0015976724060635162;right
43;33;0.0016470849547046559;right
43;34;0.0016980257264996453;right
43;35;0.0017505419860821085;down
43;37;0.007106778099974208;up
43;39;0.013889755517495533;up
43;41;0.016674936774951344;right
43;42;0.017190656469022004;right
43;43;0.017722326256723715;up
43;45;0.01156977750138189;down
43;47;0.02261241009995767;right
43;48;0.023311762989647083;right
43;49;0.02403274535015163;up
43;51;0.013889755517495533;down
43;52;0.013473062851970667;left
43;53;0.013068870966411546;left
43;55;0.020018604078263908;up
43;57;0.0055698901428520315;up
43;59;0.008531833072325124;down
44;1;0.015218764571205167;down
44;3;0.013473062851970667;up
44;7;0.02193403779695894;up
44;15;0.006102832167547448;down
44;21;0.0008688052162675045;up
44;23;0.0009813761124610337;down
44;25;0.0011085327943203716;up
44;35;0.0018046824598784625;down
44;37;0.006893574756974981;up
44;39;0.013473062851970667;up
44;45;0.011927605671527723;down
44;51;0.01431933558504694;down
44;55;0.01941804595591599;up
44;57;0.005402793438566471;up
44;59;0.008795704198273325;down
45;1;0.01568944801155172;down
45;3;0.013068870966411546;up
45;5;0.020018604078263908;right
45;6;0.020637736163158667;right
45;7;0.021276016663050172;up
45;9;0.0075531704750496425;down
45;10;0.007326575360798153;left
45;11;0.007106778099974208;left
45;12;0.006893574756974981;left
45;13;0.006686767514265732;left
45;14;0.00648616448883776;left
45;15;0.006291579554172627;left
45;17;0.0007460726009145532;right
45;18;0.0007691470112521167;right
45;19;0.0007929350631465121;right
45;20;0.000817458827986095;right
45;21;0.0008427410597794794;up
45;23;0.0010117279509907564;right
45;24;0.0010430185061760377;right
45;25;0.0010752768104907605;up
45;27;0.0018604973813180026;right
45;28;0.00191803853744124;right
45;29;0.001977359316949732;right
45;30;0.0020385147597419915;right
45;31;0.0021015616079814348;down
45;32;0.0020385147597419915;left
45;33;0.001977359316949732;left
45;34;0.00191803853744124;left
45;35;0.0018604973813180026;left
45;37;0.006686767514265732;up
45;39;0.013068870966411546;up
45;40;0.0126768048374192;left
45;41;0.012296500692296623;left
45;43;0.009067736286879716;down
45;45;0.012296500692296623;right
45;46;0.0126768048374192;right
45;47;0.013068870966411546;right
45;48;0.013473062851970667;right
45;49;0.013889755517495533;down
45;51;0.014762201634069012;right
45;52;0.015218764571205167;right
45;53;0.01568944801155172;down
45;55;0.01883550457723851;up
45;57;0.005240709635409476;up
45;59;0.009067736286879716;down
46;1;0.016174688671702804;down
46;5;0.01941804595591599;up
46;9;0.007786773685618188;down
46;15;0.006102832167547448;up
46;17;0.0007236904228871166;up
46;29;0.00191803853744124;up
46;31;0.0021665583587437472;down
46;37;0.00648616448883776;up
46;39;0.0126768048374192;up
46;41;0.011927605671527723;up
46;43;0.009348181739051253;down
46;47;0.0126768048374192;up
46;49;0.01431933558504694;down
46;53;0.016174688671702804;down
46;55;0.018270439439921356;up
46;57;0.005083488346347192;up
46;59;0.009348181739051253;down
47;1;0.016674936774951344;right
47;2;0.017190656469022004;right
47;3;0.017722326256723715;right
47;4;0.018270439439921356;right
47;5;0.01883550457723851;up
47;7;0.008531833072325124;down
47;8;0.00827587808015537;left
47;9;0.00802760173775071;left
47;11;0.004107371375493326;down
47;12;0.003984150234228526;left
47;13;0.00386462572720167;left
47;15;0.005919747202521025;up
47;17;0.0007019797102005032;up
47;18;0.0006809203188944881;left
47;19;0.0006604927093276534;left
47;21;0.0014581524678592074;right
47;22;0.0015032499668651623;right
47;23;0.0015497422338816107;right
47;24;0.0015976724060635162;right
47;25;0.0016470849547046559;right
47;26;0.0016980257264996453;right
47;27;0.0017505419860821085;right
47;28;0.0018046824598784625;right
47;29;0.0018604973813180026;up
47;31;0.002233565318292523;down
47;33;0.0055698901428520315;right
47;34;0.005742154786445393;right
47;35;0.005919747202521025;right
47;36;0.006102832167547448;right
47;37;0.006291579554172627;up
47;39;0.012296500692296623;up
47;41;0.01156977750138189;up
47;43;0.009637300761908508;down
47;45;0.01156977750138189;right
47;46;0.011927605671527723;right
47;47;0.012296500692296623;up
47;49;0.014762201634069012;right
47;50;0.015218764571205167;right
47;51;0.01568944801155172;right
47;52;0.016174688671702804;right
47;53;0.016674936774951344;right
47;54;0.017190656469022004;right
47;55;0.017722326256723715;up
47;57;0.0049309836959567765;up
47;59;0.009637300761908508;down
48;3;0.017190656469022004;up
48;7;0.008795704198273325;down
48;11;0.0042344034798900265;down
48;15;0.005742154786445393;up
48;19;0.0006406779280478238;up
48;31;0.0023026446580335287;down
48;33;0.005402793438566471;up
48;41;0.011222684176340434;up
48;43;0.009935361610214957;down
48;45;0.011222684176340434;up
48;47;0.011927605671527723;up
48;49;0.01431933558504694;up
48;53;0.016174688671702804;up
48;59;0.009935361610214957;down
49;1;0.01568944801155172;right
49;2;0.016174688671702804;right
49;3;0.016674936774951344;up
49;5;0.009637300761908508;down
49;6;0.009348181739051253;left
49;7;0.009067736286879716;left
49;8;0.008795704198273325;left
49;9;0.008531833072325124;left
49;11;0.004365364412257759;down
49;13;0.005240709635409476;right
49;14;0.005402793438566471;right
49;15;0.0055698901428520315;up
49;17;0.005919747202521025;down
49;19;0.000621457590206389;up
49;20;0.0006028138625001974;left
49;21;0.0005847294466251915;left
49;23;0.0004870632594964104;down
49;24;0.0004724513617115181;left
49;25;0.0004582778208601725;left
49;27;0.002681441038925318;down
49;28;0.002600997807757558;left
49;29;0.0025229678735248316;left
49;30;0.0024472788373190867;left
49;31;0.002373860472199514;left
49;33;0.005240709635409476;up
49;34;0.005083488346347192;left
49;35;0.0049309836959567765;left
49;37;0.008531833072325124;down
49;39;0.010242640835273152;right
49;40;0.010559423541518714;right
49;41;0.01088600365105022;up
49;43;0.010242640835273152;right
49;44;0.010559423541518714;right
49;45;0.01088600365105022;up
49;47;0.01156977750138189;up
49;49;0.013889755517495533;up
49;50;0.013473062851970667;left
49;51;0.013068870966411546;left
49;53;0.01568944801155172;up
49;54;0.015218764571205167;left
49;55;0.014762201634069012;left
49;56;0.01431933558504694;left
49;57;0.013889755517495533;left
49;59;0.010242640835273152;down
50;1;0.015218764571205167;up
50;5;0.009935361610214957;down
50;11;0.004500375682739958;down
50;13;0.005083488346347192;up
50;17;0.006102832167547448;down
50;21;0.0005671875632264357;up
50;23;0.0005021270716457839;down
50;25;0.0004445294862343673;up
50;27;0.0027643722050776473;down
50;35;0.004783054185078073;up
50;37;0.008795704198273325;down
50;39;0.009935361610214957;up
50;43;0.009935361610214957;up
50;57;0.013473062851970667;up
50;59;0.010559423541518714;down
51;1;0.014762201634069012;up
51;3;0.012296500692296623;down
51;5;0.010242640835273152;right
51;6;0.010559423541518714;right
51;7;0.01088600365105022;down
51;8;0.010559423541518714;left
51;9;0.010242640835273152;left
51;11;0.00463956255952573;right
51;12;0.004783054185078073;right
51;13;0.0049309836959567765;up
51;14;0.004783054185078073;left
51;15;0.00463956255952573;left
51;17;0.006291579554172627;down
51;18;0.006102832167547448;left
51;19;0.005919747202521025;left
51;21;0.0005501719363296426;up
51;22;0.0005336667782397534;left
51;23;0.0005176567748925607;left
51;25;0.0004311936016473363;up
51;27;0.0028498682526573683;right
51;28;0.0029380085078941943;right
51;29;0.003028874750406386;down
51;31;0.0032191250402873696;right
51;32;0.00331868560854368;right
51;33;0.00342132536963266;down
51;35;0.00463956255952573;up
51;37;0.009067736286879716;right
51;38;0.009348181739051253;right
51;39;0.009637300761908508;up
51;40;0.009348181739051253;left
51;41;0.009067736286879716;left
51;43;0.009637300761908508;up
51;44;0.009348181739051253;left
51;45;0.009067736286879716;left
51;46;0.008795704198273325;left
51;47;0.008531833072325124;left
51;48;0.00827587808015537;left
51;49;0.00802760173775071;left
51;50;0.007786773685618188;left
51;51;0.0075531704750496425;left
51;52;0.007326575360798153;left
51;53;0.007106778099974208;left
51;55;0.005919747202521025;down
51;57;0.013068870966411546;up
51;59;0.01088600365105022;down
52;1;0.01431933558504694;up
52;3;0.0126768048374192;down
52;7;0.011222684176340434;down
52;9;0.009935361610214957;up
52;17;0.00648616448883776;down
52;25;0.00041825779359791617;up
52;29;0.0031225512890787482;down
52;33;0.0035271395563223297;down
52;35;0.004500375682739958;up
52;43;0.009348181739051253;up
52;53;0.006893574756974981;up
52;55;0.006102832167547448;down
52;57;0.0126768048374192;up
52;59;0.011222684176340434;down
53;1;0.013889755517495533;up
53;2;0.013473062851970667;left
53;3;0.013068870966411546;left
53;4;0.0126768048374192;left
53;5;0.012296500692296623;left
53;6;0.011927605671527723;left
53;7;0.01156977750138189;left
53;9;0.009637300761908508;up
53;11;0.00802760173775071;down
53;12;0.007786773685618188;left
53;13;0.0075531704750496425;left
53;14;0.007326575360798153;left
53;15;0.007106778099974208;left
53;16;0.006893574756974981;left
53;17;0.006686767514265732;left
53;18;0.00648616448883776;left
53;19;0.006291579554172627;left
53;20;0.006102832167547448;left
53;21;0.005919747202521025;left
53;22;0.005742154786445393;left
53;23;0.0055698901428520315;left
53;25;0.0004057100597899787;up
53;26;0.0003935387579962793;left
53;27;0.0003817325952563909;left
53;29;0.0032191250402873696;right
53;30;0.00331868560854368;right
53;31;0.00342132536963266;right
53;32;0.0035271395563223297;right
53;33;0.003636226346724051;down
53;35;0.004365364412257759;up
53;37;0.0075531704750496425;right
53;38;0.007786773685618188;right
53;39;0.00802760173775071;right
53;40;0.00827587808015537;right
53;41;0.008531833072325124;right
53;42;0.008795704198273325;right
53;43;0.009067736286879716;up
53;44;0.008795704198273325;left
53;45;0.008531833072325124;left
53;47;0.0055698901428520315;right
53;48;0.005742154786445393;right
53;49;0.005919747202521025;right
53;50;0.006102832167547448;right
53;51;0.006291579554172627;right
53;52;0.00648616448883776;right
53;53;0.006686767514265732;up
53;54;0.00648616448883776;left
53;55;0.006291579554172627;left
53;57;0.012296500692296623;up
53;58;0.011927605671527723;left
53;59;0.01156977750138189;left
54;1;0.013473062851970667;up
54;7;0.011222684176340434;up
54;9;0.009348181739051253;up
54;11;0.00827587808015537;down
54;21;0.005742154786445393;up
54;27;0.0003702806173986992;up
54;29;0.0031225512890787482;up
54;33;0.0037486869553856198;down
54;35;0.0042344034798900265;up
54;37;0.007326575360798153;up
54;45;0.00827587808015537;up
54;47;0.005402793438566471;up
54;49;0.005742154786445393;up
55;1;0.013068870966411546;up
55;2;0.0126768048374192;left
55;3;0.012296500692296623;left
55;4;0.011927605671527723;left
55;5;0.01156977750138189;left
55;7;0.01088600365105022;up
55;9;0.009067736286879716;up
55;10;0.008795704198273325;left
55;11;0.008531833072325124;left
55;13;0.00342132536963266;down
55;14;0.00331868560854368;left
55;15;0.0032191250402873696;left
55;16;0.0031225512890787482;left
55;17;0.003028874750406386;left
55;18;0.0029380085078941943;left
55;19;0.0028498682526573683;left
55;21;0.0055698901428520315;up
55;23;0.0028498682526573683;down
55;24;0.0027643722050776473;left
55;25;0.002681441038925318;left
55;27;0.0003591721988767382;up
55;29;0.003028874750406386;up
55;30;0.0029380085078941943;left
55;31;0.0028498682526573683;left
55;33;0.00386462572720167;right
55;34;0.003984150234228526;right
55;35;0.004107371375493326;up
55;37;0.007106778099974208;up
55;39;0.0032191250402873696;right
55;40;0.00331868560854368;right
55;41;0.00342132536963266;right
55;42;0.0035271395563223297;right
55;43;0.003636226346724051;down
55;45;0.00802760173775071;up
55;47;0.005240709635409476;up
55;49;0.0055698901428520315;up
55;51;0.003636226346724051;right
55;52;0.0037486869553856198;right
55;53;0.00386462572720167;right
55;54;0.003984150234228526;right
55;55;0.004107371375493326;down
55;56;0.003984150234228526;left
55;57;0.00386462572720167;left
55;58;0.0037486869553856198;left
55;59;0.003636226346724051;left
56;3;0.011927605671527723;up
56;5;0.011222684176340434;up
56;13;0.0035271395563223297;down
56;21;0.005402793438566471;up
56;23;0.0029380085078941943;down
56;25;0.002600997807757558;up
56;27;0.00034839703291043606;up
56;31;0.0027643722050776473;up
56;37;0.006893574756974981;up
56;39;0.0031225512890787482;up
56;43;0.0037486869553856198;down
56;47;0.005083488346347192;up
56;49;0.005402793438566471;up
56;55;0.0042344034798900265;down
56;59;0.0035271395563223297;up
57;1;0.01088600365105022;right
57;2;0.011222684176340434;right
57;3;0.01156977750138189;up
57;5;0.01088600365105022;up
57;6;0.010559423541518714;left
57;7;0.010242640835273152;left
57;9;0.008531833072325124;down
57;10;0.00827587808015537;left
57;11;0.00802760173775071;left
57;13;0.003636226346724051;down
57;15;0.004365364412257759;right
57;16;0.004500375682739958;right
57;17;0.00463956255952573;right
57;18;0.004783054185078073;right
57;19;0.0049309836959567765;right
57;20;0.005083488346347192;right
57;21;0.005240709635409476;up
57;23;0.003028874750406386;down
57;25;0.0025229678735248316;up
57;27;0.00033794512192312294;up
57;28;0.00032780676826542923;left
57;29;0.00031797256521746633;left
57;31;0.002681441038925318;up
57;33;0.005919747202521025;right
57;34;0.006102832167547448;right
57;35;0.006291579554172627;right
57;36;0.00648616448883776;right
57;37;0.006686767514265732;up
57;39;0.003028874750406386;up
57;40;0.0029380085078941943;left
57;41;0.0028498682526573683;left
57;43;0.00386462572720167;right
57;44;0.003984150234228526;right
57;45;0.004107371375493326;down
57;47;0.0049309836959567765;up
57;49;0.005240709635409476;up
57;50;0.005083488346347192;left
57;51;0.0049309836959567765;left
57;52;0.004783054185078073;left
57;53;0.00463956255952573;left
57;54;0.004500375682739958;left
57;55;0.004365364412257759;left
57;57;0.0032191250402873696;right
57;58;0.00331868560854368;right
57;59;0.00342132536963266;up
58;1;0.010559423541518714;up
58;7;0.009935361610214957;up
58;9;0.008795704198273325;down
58;11;0.007786773685618188;up
58;13;0.0037486869553856198;down
58;15;0.0042344034798900265;up
58;23;0.0031225512890787482;down
58;25;0.0024472788373190867;up
58;29;0.0003084333882609423;up
58;33;0.005742154786445393;up
58;35;0.006102832167547448;up
58;41;0.0027643722050776473;up
58;45;0.0042344034798900265;down
58;49;0.005083488346347192;up
58;51;0.004783054185078073;up
58;57;0.0031225512890787482;up
59;1;0.010242640835273152;up
59;2;0.009935361610214957;left
59;3;0.009637300761908508;left
59;4;0.009348181739051253;left
59;5;0.009067736286879716;left
59;7;0.009637300761908508;up
59;8;0.009348181739051253;left
59;9;0.009067736286879716;left
59;11;0.0075531704750496425;up
59;13;0.00386462572720167;right
59;14;0.003984150234228526;right
59;15;0.004107371375493326;up
59;16;0.003984150234228526;left
59;17;0.00386462572720167;left
59;18;0.0037486869553856198;left
59;19;0.003636226346724051;left
59;20;0.0035271395563223297;left
59;21;0.00342132536963266;left
59;22;0.00331868560854368;left
59;23;0.0032191250402873696;left
59;25;0.002373860472199514;up
59;26;0.0023026446580335287;left
59;27;0.002233565318292523;left
59;29;0.00029918038661311405;up
59;30;0.0002902049750147206;left
59;31;0.000281498825764279;left
59;33;0.0055698901428520315;up
59;35;0.005919747202521025;up
59;36;0.005742154786445393;left
59;37;0.0055698901428520315;left
59;38;0.005402793438566471;left
59;39;0.005240709635409476;left
59;41;0.002681441038925318;up
59;42;0.002600997807757558;left
59;43;0.0025229678735248316;left
59;45;0.004365364412257759;right
59;46;0.004500375682739958;right
59;47;0.00463956255952573;right
59;48;0.004783054185078073;right
59;49;0.0049309836959567765;up
59;51;0.00463956255952573;up
59;52;0.004500375682739958;left
59;53;0.004365364412257759;left
59;54;0.0042344034798900265;left
59;55;0.004107371375493326;left
59;57;0.003028874750406386;up
59;58;0.0029380085078941943;left
59;59;0.0028498682526573683;left
